Simulation,elapsed_time
0,289.7069761753082
1,298.9235153198242
2,288.5664415359497
3,292.9780285358429
4,301.648503780365
5,297.4878571033478
6,303.63910126686096
7,290.98068380355835
