Simulation,elapsed_time
0,15.725776672363281
1,14.068950891494751
2,15.669135570526123
3,15.508677959442139
4,14.094682693481445
5,13.911893844604492
6,14.192659616470337
7,15.648831605911255
8,13.964763641357422
9,13.825223207473755
10,14.322599649429321
